,
AKH,akh
Abisai,abisai
Adoragar,adoragar
Ahhhmeddd,ahhhmeddd
Akigrel,akigrel
Andi,andi
Angie,angie
AnyaBlu2,anyablu2
Apollo Jr,apollo jr
Art,art
Bester2,bester2
Beydeland,beydeland
BigT,bigt
Breadandroses,breadandroses
Brianna,brianna
Candy Updates,candy updates
Captain LemonBars,captain lemonbars
Cedora,cedora
Chirikawa,chirikawa
Chrisbreezy,chrisbreezy
Chrisw333,chrisw333
Ciditoo,ciditoo
Daenerys BB,daenerys bb
De Majico,de majico
Diabolik zius,diabolik zius
Eddy,eddy
Enneen,enneen
Enzo,enzo
Eyar Fiery,eyar fiery
Eyrondef,eyrondef
Fankayel,fankayel
Filor,filor
Fiorella,fiorella
GAVILAN,gavilan
Gazius,gazius
Ghodred,ghodred
Gririm,gririm
IPollo,ipollo
Ironsinger,ironsinger
Jack Oswald,jack oswald
Jarven,jarven
Johnny B Goode,johnny b goode
JoseA,josea
Kalabar,kalabar
Kamil,kamil
Kantrius,kantrius
Kigam,kigam
Klaudia,klaudia
Kosak,kosak
LanZius,lanzius
Lava Lynx Zius,lava lynx zius
Lebrim,lebrim
Lenochodi CP,lenochodi cp
Lorbrimir,lorbrimir
Lord Crumble,lord crumble
Lucullus Maximus,lucullus maximus
Luuuu IT,luuuu it
Léthysa Stellara,léthysa stellara
MULTIKILLIONAIRE,multikillionaire
Mabrinod,mabrinod
Mag Ualghairg,mag ualghairg
Magepick,magepick
Marcelo lord of war,marcelo lord of war
Marilune,marilune
Masa Madre Momuro,masa madre momuro
Mejas,mejas
Monte,monte
Moogujora,moogujora
Morg,morg
Natia Steel,natia steel
Nice n Spicy Sers,nice n spicy sers
Nigel Tufnel 11,nigel tufnel 11
Nimvenilas,nimvenilas
PanekPL,panekpl
Periwyn,periwyn
Prince Charming,prince charming
Ra,ra
Ra vi oli,ra vi oli
Ragnar,ragnar
Reiner,reiner
SPARTACUS,spartacus
Sabar,sabar
Satoru Gojo,satoru gojo
Servenen,servenen
Showman,showman
Shoyon,shoyon
Souffleblue,souffleblue
Sudoki,sudoki
Sweet Queen Bera,sweet queen bera
Taugal,taugal
Tera,tera
Thorgal,thorgal
TuTo Il,tuto il
Tygonris,tygonris
VallesDH,vallesdh
Yotanka,yotanka
Zombie Tony,zombie tony
aghaté tyché,aghaté tyché
guicarde,guicarde
higgowoman,higgowoman
ouragan,ouragan
uzun shapalak,uzun shapalak
wiking,wiking
zhasur,zhasur
