3antar86,3antar86
ATILLA,atilla
Adolbine,adolbine
Adoragar,adoragar
Agarus,agarus
Ahhhmeddd,ahhhmeddd
Akigrel,akigrel
Alex,alex
Alexandra,alexandra
Anya,anya
Anya Blu 90,anya blu 90
AnyaBlu2,anyablu2
Aphrodite,aphrodite
Araratean,araratean
Art,art
Ballalace,ballalace
Ballariel,ballariel
Ballazan,ballazan
BeautifulWarBarbie,beautifulwarbarbie
Bera,bera
Beraferyl,beraferyl
BigT,bigt
Boba,boba
Brage,brage
Brandemet,brandemet
Breadandroses,breadandroses
Briar,briar
Briar Beag,briar beag
CAPITAN ALATRISTE,capitan alatriste
Cake Factory,cake factory
Camaro,camaro
Cen,cen
Chrisw333,chrisw333
Ciditoo,ciditoo
Cobra,cobra
Compugotchi,compugotchi
Count Thermocat,count thermocat
Curly,curly
Dani,dani
Dariing,dariing
Defur,defur
Dementus,dementus
DingDong 2,dingdong 2
Don Dahron,don dahron
Doomterror,doomterror
DubHaAnz,dubhaanz
ELOHIM,elohim
Ekinox,ekinox
Elaaa,elaaa
Elbrinan,elbrinan
Enzo,enzo
Eykayen,eykayen
Eyloten,eyloten
Feginir,feginir
Felix,felix
Ferry,ferry
Fiorella,fiorella
Freya,freya
Galael,galael
GalaxY,galaxy
Girtheous Maximus,girtheous maximus
Glorgolan,glorgolan
Goldenknight,goldenknight
Gralbine,gralbine
Grauer Wolf,grauer wolf
GrayWolf,graywolf
Grazius,grazius
Great Googly Moogly,great googly moogly
Gromuro,gromuro
GrumpysBotched,grumpysbotched
Gujind,gujind
Gukora,gukora
Gukora Gatto Grande,gukora gatto grande
Guyren,guyren
HAZMAT,hazmat
High Poppa Pete,high poppa pete
Hotmess,hotmess
Ilvel,ilvel
Iron Priestess,iron priestess
Jack Oswald,jack oswald
Jeronim,jeronim
Jesus,jesus
Joannita,joannita
Jukinos,jukinos
Kaiababpear,kaiababpear
Kantrius,kantrius
Karl der Grofe VI,karl der grofe vi
Keranad,keranad
Kerodor,kerodor
Kiama,kiama
Kiim,kiim,
Kiin,kiin
LUSO,luso
Lady F,lady f
Lady LazyJayne,lady lazyjayne
Lady Luskoun,lady luskoun
LadyMoon,ladymoon
Lagertha,lagertha
Larry,larry
Lava Luskoun Zius
Lerlin,lerlin
Lexi,lexi
Lifedeyl,lifedeyl
Lively Peach,lively peach
Lord Crumble,lord crumble
Lorlot,lorlot
Luchrinel,luchrinel
Mabrinod,mabrinod
MadCat,madcat
Maedfanir,maedfanir
Marching Turnip,marching turnip
Marg,marg
Maris CP,maris cp
Mark Fish,mark fish
Marond,marond
Mejas,mejas
Melchizedek,melchizedek
MetalElvis,metalelvis
Mini Bera,mini bera
Moe,moe
Moghedien,moghedien
Monte,monte
Moogujora,moogujora
Moogukus,moogukus
Mordriel,mordriel
Morg,morg
Nein,nein
Nidanen,nidanen
Nigel Tufnel,nigel tufnel
Niin,niin
Noli,noli
Nordman,nordman
Nukehead,nukehead
Numenor,numenor
OPI,opi
Oberon,oberon
Orodfed,orodfed
PB,pb
PIFI,pifi
Panek,panek
Pinto,pinto
Poison,poison
Portal Master,portal master
Prince Charming,prince charming
Queen Sofia,queen sofia
RG,rg
Railfiring,railfiring
Rommel,rommel
Ryjwuku,ryjwuku
SUAT,suat
Sabero6,sabero6
Sadi,sadi
Sailingcity,sailingcity
Sascha 1887,sascha 1887
Secretly Live,secretly live
Serdriilas,serdriilas
Sers83,sers83
Sharpdragon,sharpdragon
Sharra,sharra
Sir Malacage,sir malacage
Sir Niin,sir niin
Sirarad,sirarad
Skipping Dog,skipping dog
Skipping Pup,skipping pup
Skull Hammer,skull hammer
Slayer,slayer
Susie,susie
Tagoal,tagoal
TapSumBong,tapsumbong
Targash,targash
Targie,targie
Teramar,teramar
Terin,terin
TheRock,therock
TomaS CZ,tomas cz
TomasS,tomass
Trueray,trueray
TuTo,tuto
TydeusDaBoneless OG,tydeusdaboneless og
Tyr,tyr
Unicorn,unicorn
VEDAT,vedat
Vessler,vessler
VooDoo,voodoo
Vudor,vudor
WarriorWillieRay,warriorwillieray
Wildish,wildish
XERIBO,xeribo
Yolo,yolo
Zombie Tony,zombie tony
ammar,ammar
cat lady,cat lady
dAbell,dabell
elrafin II,elrafin ii
eye,eye
istanbul,istanbul
ludo,ludo
mi amor,mi amor
morfeas,morfeas
play funny,play funny
tledil,tledil
